{
    "root_group": {
        "groups": {},
        "checks": {
                "status is 2xx": {
                    "id": "625da780c1868b693c9052f10511e6a0",
                    "passes": 1960,
                    "fails": 0,
                    "name": "status is 2xx",
                    "path": "::status is 2xx"
                }
            },
        "name": "",
        "path": "",
        "id": "d41d8cd98f00b204e9800998ecf8427e"
    },
    "metrics": {
        "data_sent": {
            "rate": 14636.433115260725,
            "count": 294966
        },
        "http_req_failed": {
            "passes": 0,
            "fails": 2596,
            "thresholds": {
                "rate<0.01": false
            },
            "value": 0
        },
        "checks": {
            "passes": 1960,
            "fails": 0,
            "thresholds": {
                "rate>0.99": false
            },
            "value": 1
        },
        "http_req_blocked": {
            "p(90)": 0.006302,
            "p(95)": 0.00736675,
            "avg": 0.057303999614792114,
            "min": 0.001242,
            "med": 0.004068,
            "max": 9.57688
        },
        "http_req_duration{expected_response:true}": {
            "avg": 3.718965622881346,
            "min": 0.952637,
            "med": 3.38767,
            "max": 17.661471,
            "p(90)": 6.1087419999999995,
            "p(95)": 7.227653
        },
        "vus_max": {
            "value": 20,
            "min": 20,
            "max": 20
        },
        "http_req_sending": {
            "p(90)": 0.020435000000000002,
            "p(95)": 0.03819275,
            "avg": 0.0157584225731895,
            "min": 0.003858,
            "med": 0.010510499999999999,
            "max": 0.758857
        },
        "http_req_waiting": {
            "max": 17.570032,
            "p(90)": 5.9825035,
            "p(95)": 7.08677025,
            "avg": 3.5513764433744304,
            "min": 0.895775,
            "med": 3.1594655
        },
        "data_received": {
            "count": 3562056,
            "rate": 176751.87783274395
        },
        "http_req_tls_handshaking": {
            "p(95)": 0,
            "avg": 0,
            "min": 0,
            "med": 0,
            "max": 0,
            "p(90)": 0
        },
        "iterations": {
            "count": 1960,
            "rate": 97.25666316087624
        },
        "http_req_connecting": {
            "avg": 0.03381681047765793,
            "min": 0,
            "med": 0,
            "max": 7.348262,
            "p(90)": 0,
            "p(95)": 0
        },
        "vus": {
            "min": 20,
            "max": 20,
            "value": 20
        },
        "http_reqs": {
            "count": 2596,
            "rate": 128.81545794165035
        },
        "http_req_duration": {
            "avg": 3.718965622881346,
            "min": 0.952637,
            "med": 3.38767,
            "max": 17.661471,
            "p(90)": 6.1087419999999995,
            "p(95)": 7.227653,
            "thresholds": {
                "p(95)<750": false
            }
        },
        "iteration_duration": {
            "max": 224.285637,
            "p(90)": 207.5768999,
            "p(95)": 208.47202265,
            "avg": 205.57687351173482,
            "min": 202.272425,
            "med": 205.1451315
        },
        "http_req_receiving": {
            "avg": 0.15183075693374404,
            "min": 0.011473,
            "med": 0.061566,
            "max": 3.196986,
            "p(90)": 0.373274,
            "p(95)": 0.6246929999999999
        }
    }
}